,residue,rmsf
0,414,1.1129191771367288
1,415,0.5726342572887054
2,416,0.5038974635027966
3,417,0.4923844730011655
4,418,0.7088479150027673
5,419,0.7136947714431493
6,420,0.88316854088272
7,421,0.7821484320264154
8,422,0.683644071679189
9,423,0.816908242959447
10,424,0.7539036954350347
11,425,0.7712625761343338
12,426,0.8038416329262575
13,427,0.6962528074008996
14,428,0.6634351291561889
15,429,0.7229990474207056
16,430,1.0056655375345125
17,431,1.2202891983467834
18,432,1.0879572963919248
19,433,0.8291906319484262
20,434,0.882780717987873
21,435,0.6583957830004581
22,436,0.48088169689358257
23,437,0.49595889985130254
24,438,0.5551845786748029
25,439,0.6014475258307613
26,440,0.6679219067078789
27,441,0.6660583149154127
28,442,0.8341765722521316
29,443,0.9153839918368404
30,444,1.0216695477030742
31,445,1.384588784595653
32,446,1.3155561795916038
33,447,1.0363810953034338
34,448,1.1424310696880027
35,449,0.8380162530289503
36,450,0.6763771775376365
37,451,0.4591927762390556
38,452,0.4134345888281144
39,453,0.42379863917654753
40,454,0.38327795231270895
41,455,0.5112209537693304
42,456,0.5849301710088902
43,457,0.8599356885086088
44,458,0.96989811001794
45,459,0.7203016279526067
46,460,0.9005729702423414
47,461,0.9340589858192384
48,462,0.8234200490214022
49,463,1.1533859602113226
50,464,0.8820395140488353
51,465,0.5420134006694881
52,466,0.8028948766009947
53,467,0.8168819199604243
54,468,0.5658301248468842
55,469,0.5628535748825158
56,470,0.6811252145723152
57,471,0.4930209684210858
58,472,0.4518296749037551
59,473,0.6730828754427952
60,474,0.6135972219628729
61,475,0.5656923626410604
62,476,0.610778003717691
63,477,0.5654967210033245
64,478,0.490037528070157
65,479,0.6716060964818472
66,480,0.4661609364764812
67,481,0.5689614308535192
68,482,0.44481955942687323
69,483,0.48287186374570956
70,484,0.5020887329995019
71,485,0.3961621558285177
72,486,0.4008774627379451
73,487,0.5224452358891452
74,488,0.4722939151459816
75,489,0.35284876474893445
76,490,0.40520725613626646
77,491,0.41221038256142645
78,492,0.4619074727906708
79,493,0.6277003967073687
80,494,0.7594487993674223
81,495,0.4834133343884786
82,496,0.4130661565033506
83,497,0.3119171462743928
84,498,0.33791447423963716
85,499,0.3658062104942708
86,500,0.4591454424177956
87,501,0.4701627705848152
88,502,0.8325340602245991
89,503,1.1235688584012427
90,504,0.920028602879482
91,505,0.94008984919786
92,506,0.7696750817026629
93,507,0.5408557881622988
94,508,0.5611784415204928
95,509,0.5728226249822471
96,510,0.47815818356498674
97,511,0.40190297502073724
98,512,0.5539491053147093
99,513,0.6405986339307623
100,514,0.6052248761650875
101,515,0.6608469653536698
102,516,0.7761882966361213
103,517,0.7156440692089999
104,518,0.5656281228733462
105,519,0.6554583570224162
106,520,0.5494452789324913
107,521,0.5023276633211504
108,522,0.45674464410242194
109,523,0.40300660061981847
110,524,0.37902954998880467
111,525,0.4212280737923926
112,526,0.419660877086223
113,527,0.4217648985067042
114,528,0.4091276225025997
115,529,0.42733883332673617
116,530,0.46870936684040354
117,531,0.49845984694509243
118,532,0.561539672190324
119,533,0.5191352595968936
120,534,0.4102825185953629
121,535,0.4127180122091211
122,536,0.4028283512801333
123,537,0.3720733028745386
124,538,0.41746401611455647
125,539,0.5842191235361144
126,540,0.5407045017448041
127,541,0.5399563299770703
128,542,0.4629127035184172
129,543,0.519340489370416
130,544,0.5881776558927294
131,545,0.49734391343152756
132,546,0.6966068547719994
133,547,0.6353383716036449
134,548,0.6135533566020576
135,549,0.5206709541045934
136,550,0.732360732790437
137,551,0.6199468100389047
138,552,0.571785629426864
139,553,0.634407586155178
140,554,0.5998921194831563
141,555,0.8354507730211593
142,556,0.832589435939253
143,557,0.7914383820944939
144,558,0.7534081570192417
145,559,0.6565468762928424
146,560,0.4459336567979059
147,561,0.5294713132631022
148,562,0.5600708100867076
149,563,0.6703523903625128
150,564,0.593140246769372
151,565,1.084872939435637
152,566,1.129105611675755
153,567,0.828859162674653
154,568,0.7700136523844974
155,584,0.97911161010661
156,585,0.8533664263598676
157,586,0.5984924997658387
158,587,0.579121744626062
159,588,0.46974305147297707
160,589,0.5240352137079535
161,590,0.45247862217329154
162,591,0.5307409320672901
163,592,0.4830224511994535
164,593,0.498781134184652
165,594,0.6408013709362229
166,595,0.6900439622000464
167,596,0.824458393953495
168,597,0.7417545719814513
169,598,0.5675509062166826
170,599,0.47335926334808487
171,600,0.46440903945395
172,601,0.48256788488245017
173,602,0.5340019447644359
174,603,0.533818613625897
175,604,0.46760346249451334
176,605,0.40646681456356826
177,606,0.40310927079776077
178,607,0.40418216583019495
179,608,0.4228182762065116
180,609,0.41410196026471696
181,610,0.37841478312858895
182,611,0.41470316675164065
183,612,0.4063112144021675
184,613,0.3771882729310563
185,614,0.40084198955653705
186,615,0.40316517625693327
187,616,0.3679719237460042
188,617,0.398822031039224
189,618,0.43169693799244174
190,619,0.4821479597055474
191,620,0.4509412578646523
192,621,0.504796865766641
193,622,0.5075896560796384
194,623,0.5396134378648437
195,624,0.6783854574172712
196,625,0.890466774212298
197,626,0.7132316617205073
198,627,0.7923903384132125
199,628,0.7212515689209269
200,629,0.6952619186747008
201,630,0.7061327751778016
202,631,0.6627375309620541
203,632,0.6169553522220683
204,633,0.744479430527049
205,634,0.7641329374649573
206,635,0.598637072458307
207,636,0.671927166262848
208,637,0.8147663924494292
209,638,0.6276447154003703
210,639,0.4511141059260473
211,640,0.522315067807802
212,641,0.5038504436454301
213,642,0.5590909864347071
214,643,0.4909257733518209
215,644,0.43535172563082086
216,645,0.5317525347600837
217,646,0.5231150100353456
218,647,0.4788009646239446
219,648,0.6977927238955638
220,649,0.6075647402110561
221,650,0.6162979953833826
222,651,0.5160630584097576
223,652,0.45725436416857
224,653,0.5128348372322344
225,654,0.5541309530937509
226,655,0.4977242726007664
227,656,0.4891828213244826
228,657,0.4615467333642193
229,658,0.44936271837968994
230,659,0.4148678373290543
231,660,0.42956198863398204
232,661,0.5727037881842771
233,662,0.5180120216944369
234,663,0.5425711662392554
235,664,0.5994091676673566
236,665,0.529475904402183
237,666,0.47097495310853177
238,667,0.5030320508372383
239,668,0.4350287304214484
240,669,0.4566890326823678
241,670,0.5021891434937061
242,671,0.5520066206220615
243,672,0.9419522699615884
244,673,0.8124772035162761
245,674,0.8449204666681825
246,675,1.2108395691340286
247,676,1.0859160162063775
248,677,0.9044098321810069
249,678,0.6701461526481628
250,679,0.5279223153592686
251,680,0.5435744378590173
252,681,0.5802935885868239
253,682,0.6841338698747618
254,683,0.6593315815494343
255,684,0.7894908950005303
256,685,1.1303241668982615
257,686,1.4926736927477038
